/*
Navicat MySQL Data Transfer

Source Server         : localhost
Source Server Version : 50614
Source Host           : localhost:3306
Source Database       : lhjz

Target Server Type    : MYSQL
Target Server Version : 50614
File Encoding         : 65001

Date: 2015-04-08 20:05:57
*/

SET FOREIGN_KEY_CHECKS=0;
SET NAMES 'utf8';

-- ----------------------------
-- Table structure for authorities
-- ----------------------------
--DROP TABLE IF EXISTS `authorities`;
--CREATE TABLE `authorities` (
--  `username` varchar(50) NOT NULL,
--  `authority` varchar(50) NOT NULL,
--  UNIQUE KEY `ix_auth_username` (`username`,`authority`),
--  CONSTRAINT `fk_authorities_users` FOREIGN KEY (`username`) REFERENCES `users` (`username`)
--) ENGINE=InnoDB DEFAULT CHARSET=utf8;

-- ----------------------------
-- Records of authorities
-- ----------------------------
INSERT INTO `authorities` (username, authority) VALUES ('admin', 'ROLE_ADMIN');
INSERT INTO `authorities` (username, authority) VALUES ('admin', 'ROLE_USER');
INSERT INTO `authorities` (username, authority) VALUES ('admin', 'ROLE_SUPER');
INSERT INTO `authorities` (username, authority) VALUES ('xiwc', 'ROLE_ADMIN');
INSERT INTO `authorities` (username, authority) VALUES ('xiwc', 'ROLE_USER');
INSERT INTO `authorities` (username, authority) VALUES ('lhjz', 'ROLE_USER');
INSERT INTO `authorities` (username, authority) VALUES ('test1', 'ROLE_USER');
INSERT INTO `authorities` (username, authority) VALUES ('test2', 'ROLE_USER');

-- ----------------------------
-- Table structure for groups
-- ----------------------------
--DROP TABLE IF EXISTS `groups`;
--CREATE TABLE `groups` (
--  `id` bigint(20) NOT NULL AUTO_INCREMENT,
--  `group_name` varchar(50) NOT NULL,
--  PRIMARY KEY (`id`)
--) ENGINE=InnoDB DEFAULT CHARSET=utf8;

-- ----------------------------
-- Records of groups
-- ----------------------------

-- ----------------------------
-- Table structure for group_authorities
-- ----------------------------
--DROP TABLE IF EXISTS `group_authorities`;
--CREATE TABLE `group_authorities` (
--  `group_id` bigint(20) NOT NULL,
--  `authority` varchar(50) NOT NULL,
--  KEY `fk_group_authorities_group` (`group_id`),
--  CONSTRAINT `fk_group_authorities_group` FOREIGN KEY (`group_id`) REFERENCES `groups` (`id`)
--) ENGINE=InnoDB DEFAULT CHARSET=utf8;

-- ----------------------------
-- Records of group_authorities
-- ----------------------------

-- ----------------------------
-- Table structure for group_members
-- ----------------------------
--DROP TABLE IF EXISTS `group_members`;
--CREATE TABLE `group_members` (
--  `id` bigint(20) NOT NULL AUTO_INCREMENT,
--  `username` varchar(50) NOT NULL,
--  `group_id` bigint(20) NOT NULL,
--  PRIMARY KEY (`id`),
--  KEY `fk_group_members_group` (`group_id`),
--  CONSTRAINT `fk_group_members_group` FOREIGN KEY (`group_id`) REFERENCES `groups` (`id`)
--) ENGINE=InnoDB DEFAULT CHARSET=utf8;

-- ----------------------------
-- Records of group_members
-- ----------------------------

-- ----------------------------
-- Table structure for users
-- ----------------------------
--DROP TABLE IF EXISTS `users`;
--CREATE TABLE `users` (
--  `username` varchar(50) NOT NULL,
--  `password` varchar(255) NOT NULL,
--  `enabled` tinyint(1) NOT NULL,
--  PRIMARY KEY (`username`)
--) ENGINE=InnoDB DEFAULT CHARSET=utf8;

-- ----------------------------
-- Records of users
-- ----------------------------
INSERT INTO `users` (username, password, enabled, status, create_date, version) VALUES ('admin', '$2a$10$of1L1pNENMuUeP2/pMfy1ePScKhrOzHIrHsuhL2u1ieoXClLP5wFG', '', 'Bultin', '2015-04-25 10:01:51', '0');
INSERT INTO `users` (username, password, enabled, status, create_date, version) VALUES ('xiwc', '$2a$10$qR3ar2k/g9gsLgPKAqqprOcN4tsfQAiSd7mdLNDIEC4ytwAUKKgzO', '', 'Normal', '2015-04-25 10:01:51', '0');
INSERT INTO `users` (username, password, enabled, status, create_date, version) VALUES ('lhjz', '$2a$10$cHoqi0vbJpkOe.ShF7A6qO0kf8lKOH/6tHr3oe7vA4UcKdtgGeJnq', '', 'Normal', '2015-04-25 10:01:51', '0');
INSERT INTO `users` (username, password, enabled, status, create_date, version) VALUES ('test1', '$2a$10$cHoqi0vbJpkOe.ShF7A6qO0kf8lKOH/6tHr3oe7vA4UcKdtgGeJnq', '', 'Normal', '2015-04-25 10:01:51', '0');
INSERT INTO `users` (username, password, enabled, status, create_date, version) VALUES ('test2', '$2a$10$cHoqi0vbJpkOe.ShF7A6qO0kf8lKOH/6tHr3oe7vA4UcKdtgGeJnq', '', 'Normal', '2015-04-25 10:01:51', '0');

-- ----------------------------
-- Table structure for persistent_logins
-- ----------------------------
--DROP TABLE IF EXISTS `persistent_logins`;
--CREATE TABLE `persistent_logins` (
--  `series` varchar(64) NOT NULL,
--  `last_used` datetime NOT NULL,
--  `token` varchar(64) NOT NULL,
--  `username` varchar(64) NOT NULL,
--  PRIMARY KEY (`series`)
--) ENGINE=InnoDB DEFAULT CHARSET=utf8;

-- ----------------------------
-- Records of persistent_logins

-- ----------------------------
-- Records of file
-- ----------------------------
INSERT INTO `file` (`id`, `create_date`, `name`, `path`, `status`, `username`, `uuid_name`, `version`) VALUES ('1', '2015-04-25 10:01:51', 'img08_b.jpg', 'upload/img/0/', 'Bultin', 'admin', '4dfa871e-6cc1-480c-a1a8-2a56dae30b51.jpg', '0');
INSERT INTO `file` (`id`, `create_date`, `name`, `path`, `status`, `username`, `uuid_name`, `version`) VALUES ('2', '2015-04-25 10:01:51', 'img07_b.jpg', 'upload/img/0/', 'Bultin', 'admin', '91baaaf6-237f-47c1-80d1-6af3abd267a3.jpg', '0');
INSERT INTO `file` (`id`, `create_date`, `name`, `path`, `status`, `username`, `uuid_name`, `version`) VALUES ('3', '2015-04-25 10:01:52', 'img04_b.jpg', 'upload/img/0/', 'Bultin', 'admin', '8734d1cc-0c69-4ab2-9611-3c86e7ca2c58.jpg', '0');
INSERT INTO `file` (`id`, `create_date`, `name`, `path`, `status`, `username`, `uuid_name`, `version`) VALUES ('4', '2015-04-25 10:01:52', 'img01_b.jpg', 'upload/img/0/', 'Bultin', 'admin', 'b1e70aa4-2013-4150-9d71-47ebaca5963d.jpg', '0');
INSERT INTO `file` (`id`, `create_date`, `name`, `path`, `status`, `username`, `uuid_name`, `version`) VALUES ('5', '2015-04-25 10:01:52', 'img02_b.jpg', 'upload/img/0/', 'Bultin', 'admin', '66170316-4b4c-45fe-bc55-9f25459a2072.jpg', '0');
INSERT INTO `file` (`id`, `create_date`, `name`, `path`, `status`, `username`, `uuid_name`, `version`) VALUES ('6', '2015-04-25 10:01:52', 'img06_b.jpg', 'upload/img/0/', 'Bultin', 'admin', '94947a26-3c39-495e-8c65-62e7a7ade429.jpg', '0');
INSERT INTO `file` (`id`, `create_date`, `name`, `path`, `status`, `username`, `uuid_name`, `version`) VALUES ('7', '2015-04-25 10:01:52', 'img05_b.jpg', 'upload/img/0/', 'Bultin', 'admin', 'ba77d88a-3a9f-4afc-bafe-27f05be65114.jpg', '0');
INSERT INTO `file` (`id`, `create_date`, `name`, `path`, `status`, `username`, `uuid_name`, `version`) VALUES ('8', '2015-04-25 10:01:53', 'img03_b.jpg', 'upload/img/0/', 'Bultin', 'admin', '0c590fa7-430f-428a-aa38-fa29227caa43.jpg', '0');
INSERT INTO `file` (`id`, `create_date`, `name`, `path`, `status`, `username`, `uuid_name`, `version`) VALUES ('10', '2015-05-31 14:27:58', '1.jpg', 'upload/img/0/', 'Bultin', 'admin', '09c2ec3a-3afc-43ff-af20-3828f0744446.jpg', '0');
INSERT INTO `file` (`id`, `create_date`, `name`, `path`, `status`, `username`, `uuid_name`, `version`) VALUES ('11', '2015-05-31 14:27:58', '2.jpg', 'upload/img/0/', 'Bultin', 'admin', '749727e8-d955-4652-adf2-1ef217ee64b8.jpg', '0');
INSERT INTO `file` (`id`, `create_date`, `name`, `path`, `status`, `username`, `uuid_name`, `version`) VALUES ('12', '2015-05-31 14:27:58', '3.jpg', 'upload/img/0/', 'Bultin', 'admin', 'bc2b78b3-e808-420e-a156-5ef54887d714.jpg', '0');
INSERT INTO `file` (`id`, `create_date`, `name`, `path`, `status`, `username`, `uuid_name`, `version`) VALUES ('13', '2015-05-31 14:27:59', 'img-b1.jpg', 'upload/img/0/', 'Bultin', 'admin', '0a6bc830-91d4-4675-a413-4d93823f5ba0.jpg', '0');
INSERT INTO `file` (`id`, `create_date`, `name`, `path`, `status`, `username`, `uuid_name`, `version`) VALUES ('14', '2015-05-31 14:27:59', 'img-b2.jpg', 'upload/img/0/', 'Bultin', 'admin', '1dee3a09-87a5-463d-819f-0e1e93bb5e7d.jpg', '0');
INSERT INTO `file` (`id`, `create_date`, `name`, `path`, `status`, `username`, `uuid_name`, `version`) VALUES ('15', '2015-05-31 14:27:59', 'img-b3.jpg', 'upload/img/0/', 'Bultin', 'admin', 'e60b83c8-f450-4c03-8275-b415e02db4a1.jpg', '0');
INSERT INTO `file` (`id`, `create_date`, `name`, `path`, `status`, `username`, `uuid_name`, `version`) VALUES ('17', '2015-06-09 19:47:19', 'map1.jpg', 'upload/img/0/', 'Normal', 'admin', 'a65dfd76-ace8-489d-9418-d240138bc60d.jpg', '0');
INSERT INTO `file` (`id`, `create_date`, `name`, `path`, `status`, `username`, `uuid_name`, `version`) VALUES ('19', '2015-06-17 16:27:57', '‎2014‎‎9‎‎5‎17‎‎02‎‎48.jpg', 'upload/img/0/', 'Normal', 'lhjz', '28a2a8d9-f1ed-4a79-b78d-4bf4bb01a9b7.jpg', '0');
INSERT INTO `file` (`id`, `create_date`, `name`, `path`, `status`, `username`, `uuid_name`, `version`) VALUES ('20', '2015-06-17 16:27:57', '‎2014‎‎10‎‎19‎10‎‎26‎‎23.jpg', 'upload/img/0/', 'Normal', 'lhjz', 'a99fc4a6-563f-4071-8a55-98500a10a564.jpg', '0');
INSERT INTO `file` (`id`, `create_date`, `name`, `path`, `status`, `username`, `uuid_name`, `version`) VALUES ('21', '2015-06-17 16:27:58', '‎2014‎‎10‎‎19‎10‎‎26‎‎19.jpg', 'upload/img/0/', 'Normal', 'lhjz', '4d074bb7-5649-485a-b3bc-01304ff8ea37.jpg', '0');
INSERT INTO `file` (`id`, `create_date`, `name`, `path`, `status`, `username`, `uuid_name`, `version`) VALUES ('22', '2015-06-17 16:27:58', '‎2014‎‎10‎‎19‎10‎‎26‎‎15.jpg', 'upload/img/0/', 'Normal', 'lhjz', 'de55fde4-1eb2-4e9f-95a3-6c860ff8192f.jpg', '0');
INSERT INTO `file` (`id`, `create_date`, `name`, `path`, `status`, `username`, `uuid_name`, `version`) VALUES ('23', '2015-06-17 16:27:59', '‎2014‎‎10‎‎19‎10‎‎26‎‎12.jpg', 'upload/img/0/', 'Normal', 'lhjz', 'ad694594-c6ba-45d1-b367-2a6303c2a37b.jpg', '0');
INSERT INTO `file` (`id`, `create_date`, `name`, `path`, `status`, `username`, `uuid_name`, `version`) VALUES ('24', '2015-06-17 16:27:59', '‎2014‎‎10‎‎19‎10‎‎25‎‎53.jpg', 'upload/img/0/', 'Normal', 'lhjz', '841ec752-20f5-45c3-a489-747e91c608e6.jpg', '0');
INSERT INTO `file` (`id`, `create_date`, `name`, `path`, `status`, `username`, `uuid_name`, `version`) VALUES ('25', '2015-06-17 16:28:00', '‎2014‎‎10‎‎19‎10‎‎26‎‎26.jpg', 'upload/img/0/', 'Normal', 'lhjz', '324a37e1-aba8-4d9e-bf0d-78c6e47dd6dd.jpg', '0');
INSERT INTO `file` (`id`, `create_date`, `name`, `path`, `status`, `username`, `uuid_name`, `version`) VALUES ('26', '2015-06-17 16:28:00', '‎2014‎‎10‎‎19‎10‎‎26‎‎29.jpg', 'upload/img/0/', 'Normal', 'lhjz', 'ca1a9999-1b62-4015-82a2-71a249f896e1.jpg', '0');
INSERT INTO `file` (`id`, `create_date`, `name`, `path`, `status`, `username`, `uuid_name`, `version`) VALUES ('27', '2015-06-17 16:28:01', '‎2014‎‎10‎‎19‎10‎‎26‎‎34.jpg', 'upload/img/0/', 'Normal', 'lhjz', '88017fc2-6466-461e-b294-7e1bbcd4aa9c.jpg', '0');
INSERT INTO `file` (`id`, `create_date`, `name`, `path`, `status`, `username`, `uuid_name`, `version`) VALUES ('28', '2015-06-17 16:47:01', '296BEEDD4C4C1B3A2794E7C609E1CE70.jpg', 'upload/img/0/', 'Normal', 'lhjz', '067b4fdd-73a7-49cc-983e-dfeefb88f943.jpg', '0');
INSERT INTO `file` (`id`, `create_date`, `name`, `path`, `status`, `username`, `uuid_name`, `version`) VALUES ('29', '2015-06-17 16:47:01', '2F5FDD318C571EB0605BBB3B7795F765.jpg', 'upload/img/0/', 'Normal', 'lhjz', '85513508-daf2-4574-a2b8-1d854f69afc4.jpg', '0');
INSERT INTO `file` (`id`, `create_date`, `name`, `path`, `status`, `username`, `uuid_name`, `version`) VALUES ('30', '2015-06-18 15:28:27', 'thicp邮箱问题.png', 'upload/img/0/', 'Normal', 'lhjz', '25b762c7-5e72-47e6-95d1-2ac013636c4c.png', '0');
INSERT INTO `file` (`id`, `create_date`, `name`, `path`, `status`, `username`, `uuid_name`, `version`) VALUES ('31', '2015-06-20 17:28:55', '20100211100357_27.jpg', 'upload/img/0/', 'Normal', 'lhjz', '7e12e5da-39c0-43a3-8f1b-64733bb31ebd.jpg', '0');
INSERT INTO `file` (`id`, `create_date`, `name`, `path`, `status`, `username`, `uuid_name`, `version`) VALUES ('32', '2015-06-20 17:29:13', '刘存峰治疗后.jpg', 'upload/img/0/', 'Normal', 'lhjz', '211843ca-19a3-488d-8914-4d7db59c7786.jpg', '0');
INSERT INTO `file` (`id`, `create_date`, `name`, `path`, `status`, `username`, `uuid_name`, `version`) VALUES ('33', '2015-06-20 17:29:15', '刘存峰治疗前.jpg', 'upload/img/0/', 'Normal', 'lhjz', '9ebc939b-78b8-41f1-8502-3339bc637692.jpg', '0');

-- ----------------------------
-- Records of article
-- ----------------------------
INSERT INTO `article` (id, content, create_date, name, path, status, username, version) VALUES ('1', '<span style=\"color: rgb(51, 51, 51); font-family: Verdana, Arial, Tahoma; line-height: 25px;\">&nbsp;</span><a href=\"http://www.jizhuwang.com.cn/\" jquery1336356008877=\"269\" style=\"padding: 0px; margin: 0px; color: rgb(1, 36, 92); font-family: Verdana, Arial, Tahoma; line-height: 25px; background-color: rgb(255, 255, 255);\"><span jquery1336356008877=\"270\" style=\"padding: 0px; margin: 0px; color: rgb(0, 0, 0);\">颈椎病</span></a><span jquery1336356008877=\"271\" style=\"padding: 0px; margin: 0px; font-family: Verdana, Arial, Tahoma; line-height: 25px; color: rgb(0, 0, 0);\">会引发的病症主要有哪些呢？伴随着颈椎病的发生，大部分会出现一些并发症。患者千万不要以为略微疼痛是小事，忍忍就过去，要知道，疼痛之后可能失明或瘫痪。专家介绍，颈椎病本身而言就是错综复杂的，不光会引起颈肩部的一些症状，还可能引起一些其它疾病的。这些看似与颈椎病绝不相关，实则都是由于颈椎病所引起的并发症，到底颈椎病所引起的并发症都有哪些呢？<br jquery1336356008877=\"272\" style=\"padding: 0px; margin: 0px;\">　　吞咽障碍：吞咽时有堵塞感。食管内有异物感。少数人有恶心。呕吐。声音沙哑。干咳。胸闷等症状。这是由于颈椎前缘直截压迫食管后壁而引起食管狭小。<br jquery1336356008877=\"273\" style=\"padding: 0px; margin: 0px;\">　　视力障碍：表现为视力下降。眼胀痛。怕光。流泪。</span><a href=\"http://www.jizhuwang.com.cn/\" jquery1336356008877=\"274\" style=\"padding: 0px; margin: 0px; color: rgb(1, 36, 92); font-family: Verdana, Arial, Tahoma; line-height: 25px; background-color: rgb(255, 255, 255);\"><span jquery1336356008877=\"275\" style=\"padding: 0px; margin: 0px; color: rgb(0, 0, 0);\">瞳孔</span></a><span jquery1336356008877=\"276\" style=\"padding: 0px; margin: 0px; font-family: Verdana, Arial, Tahoma; line-height: 25px; color: rgb(0, 0, 0);\">大小不等。甚至出现视野缩小和视力锐减。个别患者还可发生失明。<br jquery1336356008877=\"277\" style=\"padding: 0px; margin: 0px;\">　　高血压颈椎病：可引起血压升高或降低。<br jquery1336356008877=\"278\" style=\"padding: 0px; margin: 0px;\">　　胸部疼痛：表现为起病缓慢的顽固性的单侧胸大肌和乳房疼痛。<br jquery1336356008877=\"279\" style=\"padding: 0px; margin: 0px;\">　　下肢瘫痪：早期表现为下肢麻痹。疼痛。跛行。有的患者在走路时有如踏棉花的感觉。个别患者还可伴有排便。排尿障碍。</span>', '2015-05-24 11:18:50', '颈椎病所引发的病症介绍', null, 'Bultin', 'lhjz', '0');
INSERT INTO `article` (id, content, create_date, name, path, status, username, version) VALUES ('2', '<p style=\"padding: 0px; margin-bottom: 0px; color: rgb(51, 51, 51); font-family: Verdana, Arial, Tahoma; line-height: 25px;\">长久地面对电脑，你一定觉得自己僵硬了。看看办公室的你，弯腰驼背，歪着肩膀，仰着油光可鉴的脸，被工作折磨得神形溃散——这是偶然你看到镜子中的自己时的状态，三个小时没离开座位，忘了托着大脑的身体，忽视了饥渴的肠胃，忽然感觉脖子发麻，腿脚沉重，腰背酸痛。<br style=\"padding: 0px; margin: 0px;\">&nbsp;<br style=\"padding: 0px; margin: 0px;\">&nbsp;&nbsp;&nbsp; 根据调查和医学临床显示，有75%以上的Office Lady都在受脊柱和脊柱相关疾病的煎熬。不要等疲劳过度才停下来关照自己，坐姿对于脊柱的压迫已经迫使你必须适度运动。要知道，那些在重重压力下仍然神采奕奕的MM，她们懂得养护脊柱，所以才能够在工作的战场上快速回神。</p><p style=\"padding: 0px; margin-bottom: 0px; color: rgb(51, 51, 51); font-family: Verdana, Arial, Tahoma; line-height: 25px;\">1.猫伸展式</p><p style=\"padding: 0px; margin-bottom: 0px; color: rgb(51, 51, 51); font-family: Verdana, Arial, Tahoma; line-height: 25px;\">&nbsp;&nbsp;&nbsp; 大幅度猫伸展式</p><p style=\"padding: 0px; margin-bottom: 0px; color: rgb(51, 51, 51); font-family: Verdana, Arial, Tahoma; line-height: 25px;\">&nbsp;&nbsp;&nbsp; 双膝跪地，手臂着地向前伸直，把手向前推，让臀部高高抬起，凹下背部，胸部贴近地面，下巴抬起，感觉到背部肌肉充分拉伸，脊柱一节节延展。保持这个动作3~5个呼吸，可以很好地放松背部下端的张力。</p><p style=\"padding: 0px; margin-bottom: 0px; color: rgb(51, 51, 51); font-family: Verdana, Arial, Tahoma; line-height: 25px;\">&nbsp;&nbsp;&nbsp; 四点着地的猫伸展式</p><p style=\"padding: 0px; margin-bottom: 0px; color: rgb(51, 51, 51); font-family: Verdana, Arial, Tahoma; line-height: 25px;\">&nbsp;&nbsp;&nbsp; 双膝和双手四点着地，吸气时，凹下背部，让肚脐最大限度地贴近地面，背部形成向下凹的弧线，头部和下巴抬起，脖子前侧尽量伸展。呼气时，背部向上弓起，下巴努力向胸部靠近。重复这个动作，让脊柱交替凹凸，完成3~5个呼吸，充分调动脊背和腹部的肌肉。</p><p style=\"padding: 0px; margin-bottom: 0px; color: rgb(51, 51, 51); font-family: Verdana, Arial, Tahoma; line-height: 25px;\">&nbsp;&nbsp;&nbsp; 功效：猫伸展式可以放松整个背部，特别是脊椎下端部分，缓解背部疼痛和疲劳。 使整条脊椎骨排列地更加整齐，改善脊椎和脊椎神经的血液流动，加固、调整和伸展背部肌肉，增强脊柱的灵活性。</p><p style=\"padding: 0px; margin-bottom: 0px; color: rgb(51, 51, 51); font-family: Verdana, Arial, Tahoma; line-height: 25px;\"><br style=\"padding: 0px; margin: 0px;\">2站立扭转</p><p style=\"padding: 0px; margin-bottom: 0px; color: rgb(51, 51, 51); font-family: Verdana, Arial, Tahoma; line-height: 25px;\">&nbsp;&nbsp;&nbsp; 双腿开立约两步宽，吸气时双臂从体侧抬起与肩平行。呼气时身体带双臂自然向左后方扭转，左臂曲肘放在右后腰旁，右手曲肘放在左肩上。到最大限度保持3~5个呼吸，感觉到整个背部和脊柱的扭转。然后换方向做相同的动作。</p><p style=\"padding: 0px; margin-bottom: 0px; color: rgb(51, 51, 51); font-family: Verdana, Arial, Tahoma; line-height: 25px;\">&nbsp;&nbsp;&nbsp; 功效：增强脊柱与侧腰的柔软度，加强背与腰的灵活性，调节脊柱神经系统，让新鲜的血液供应得更加顺畅。</p><p style=\"padding: 0px; margin-bottom: 0px; color: rgb(51, 51, 51); font-family: Verdana, Arial, Tahoma; line-height: 25px;\">3站立前弯曲</p><p style=\"padding: 0px; margin-bottom: 0px; color: rgb(51, 51, 51); font-family: Verdana, Arial, Tahoma; line-height: 25px;\">&nbsp;&nbsp;&nbsp; 双腿并拢，身体重心放在脚底，深吸气，将两手向上伸直，全身向上延长。 呼气时，弯腰向前，身体下俯，双手抓住小腿后面或者抓住脚踝，把头和胸部推向双腿方向，放慢呼吸，保持3~5个呼吸，直到觉得有点疲累为止。在保持这个动作的过程中，能够感觉到臀部和背部往下拉。如果感觉韧带负担过重，可以稍微弯曲膝盖。<br style=\"padding: 0px; margin: 0px;\">&nbsp;<br style=\"padding: 0px; margin: 0px;\">&nbsp;&nbsp;&nbsp; 功效：让整个脊柱充分伸展，更有弹性，甚至会帮助脊柱生长，同时可以醒脑提神，调理肾脏，使整个神经系统充满活力。</p><p style=\"padding: 0px; margin-bottom: 0px; color: rgb(51, 51, 51); font-family: Verdana, Arial, Tahoma; line-height: 25px;\">4眼镜蛇式</p><p style=\"padding: 0px; margin-bottom: 0px; color: rgb(51, 51, 51); font-family: Verdana, Arial, Tahoma; line-height: 25px;\">&nbsp;&nbsp;&nbsp; 俯躺，双腿并拢，腹部和额头着地，伸直脚尖，手掌放在双肩下方，吸气时下巴慢慢抬起，双臂支撑地面带动上半身使身体向后仰，让腹部和髋部保持贴近地面，头部向上延伸。收紧臀部肌肉来支持后背的力量，手臂稍微弯曲，肩膀向下压。保持3~5个呼吸。呼气时，从脊柱最末节开始一节节往下还原，最后以额头着地结束。</p><p style=\"padding: 0px; margin-bottom: 0px; color: rgb(51, 51, 51); font-family: Verdana, Arial, Tahoma; line-height: 25px;\">&nbsp;&nbsp;&nbsp; 功效：弯曲动作可以使背部的肌肉更加强壮，加强脊椎的柔软度，促进脊椎的血液循环，活化神经，并使得脊柱供血充足。按摩并且调节背肌。</p><p style=\"padding: 0px; margin-bottom: 0px; color: rgb(51, 51, 51); font-family: Verdana, Arial, Tahoma; line-height: 25px;\">5后仰式</p><p style=\"padding: 0px; margin-bottom: 0px; color: rgb(51, 51, 51); font-family: Verdana, Arial, Tahoma; line-height: 25px;\">&nbsp;&nbsp;&nbsp; 双腿开立与肩同宽，双手放在臀部上方。吸气时整个身体后仰，脊柱向后弯曲，头部自然下垂，呼气时髋部微微向前推送，也可以稍微弯曲膝盖，控制身体的重心。吸气从尾骨慢慢带回上体还原到垂直状态。重复这个动作3~5次。如果颈椎有问题，应该在整个过程中保持脖子伸直，避免颈部向后仰。</p><p style=\"padding: 0px; margin-bottom: 0px; color: rgb(51, 51, 51); font-family: Verdana, Arial, Tahoma; line-height: 25px;\">&nbsp;&nbsp;&nbsp; 功效：矫正脊柱不正，增强脊柱的弹性，滋养脊椎神经，向它们供应新鲜的血液，使它们充满活力。能够消除背部疼痛及僵硬症状，改善平时的坐姿和站姿，使人更加挺拔。</p><p style=\"padding: 0px; margin-bottom: 0px; color: rgb(51, 51, 51); font-family: Verdana, Arial, Tahoma; line-height: 25px;\">6侧腰伸展</p><p style=\"padding: 0px; color: rgb(51, 51, 51); font-family: Verdana, Arial, Tahoma; line-height: 25px;\">&nbsp;&nbsp;&nbsp; 站立，两脚打开比肩略宽一点，将全身重量分配在两脚上。<br style=\"padding: 0px; margin: 0px;\">&nbsp;<br style=\"padding: 0px; margin: 0px;\">&nbsp;&nbsp;&nbsp; 吸气时右手臂沿耳旁向上尽量伸直，感觉身体的右侧充分被拉伸，左手沿腿部向下延伸。呼气时，身体弯向左侧，左手尽可能向下滑动，眼睛看向伸展的手臂，自然呼吸，保持这个姿势3~5个呼吸。吸气时慢慢带回上身。然后反方向做相同的动作。<br style=\"padding: 0px; margin: 0px;\">&nbsp;<br style=\"padding: 0px; margin: 0px;\">&nbsp;&nbsp;&nbsp; 功效：使脊柱得到侧面的伸展，同时腰部、腿部以及手臂的肌肉全面获得伸展，能够增强脊柱弹性，调理脊柱周围的神经，消除腰酸背痛的症状。</p>', '2015-05-24 11:19:13', '用瑜伽认识你的脊柱', null, 'Bultin', 'lhjz', '0');
INSERT INTO `article` (id, content, create_date, name, path, status, username, version) VALUES ('3', '<p style=\"padding: 0px; margin-bottom: 0px; color: rgb(51, 51, 51); font-family: Verdana, Arial, Tahoma; line-height: 25px;\">对强直性脊柱炎有所了解的人都清楚，<a href=\"http://zhongyi.ifeng.com/qiangzhixingjizhuyan/\" target=\"_blank\" style=\"padding: 0px; margin: 0px; color: rgb(1, 36, 92);\">AS</a>的发病部位是以脊柱为主，也就是会影响正常的脊柱功能，在脊柱部位发生炎症。这也是<a href=\"http://zhongyi.ifeng.com/qiangzhixingjizhuyan/qzxjzyzjfx/73015.shtml\" target=\"_blank\" style=\"padding: 0px; margin: 0px; color: rgb(1, 36, 92);\">强直性脊柱炎的危害</a>。那么，脊柱对人体的作用是怎么样的呢?这种基本知识需要了解一下。</p><p style=\"padding: 0px; margin-bottom: 0px; color: rgb(51, 51, 51); font-family: Verdana, Arial, Tahoma; line-height: 25px;\">可以说脊柱对人体的作用是特别大的，它是人体的栋梁。脊柱医学上常称其为“中轴关节”，也就是老百姓所说的“大梁骨”。它是由一个个椎体构成的，这些椎体又靠约lOOO根韧带和140多块肌肉连接成坚韧的脊柱。</p><p style=\"padding: 0px; margin-bottom: 0px; color: rgb(51, 51, 51); font-family: Verdana, Arial, Tahoma; line-height: 25px;\">脊柱从上到下可以分为几个部分，一般分为颈椎、胸椎、腰椎、骶椎及尾骨。颈椎的任务是支撑头部，人能够抬头、低头及转头，都有它的功劳;胸椎与肋骨相连而组成了坚固的胸廓，它是胸腔内脏的保护“城堡”，腰椎是脊柱中的“顶梁柱”，它承受着身体大部分重量;骶椎和尾骨在人类的进化过程中发生了退化，个体差异比较大，骶椎与髂骨形成骶髂关节，主要靠软骨连接，参与构成骨盆，骶髂关节是微动关节，也是强直性脊柱炎最常侵犯的关节。</p><p style=\"padding: 0px; color: rgb(51, 51, 51); font-family: Verdana, Arial, Tahoma; line-height: 25px;\">从上文可以看出脊柱对人体的重要作用，只要脊柱受到了损伤，人体的行动就会受到影响，这也就是为什么<a href=\"http://zhongyi.ifeng.com/qiangzhixingjizhuyan/\" style=\"padding: 0px; margin: 0px; color: rgb(1, 36, 92);\">强直性脊柱炎</a>晚期的病人会出现无法行走等现象了。强直性脊柱炎的危害太大了，此病要治疗和康复训练共同进行，以便控制病情。</p>', '2015-05-24 11:19:29', '脊柱对人体的作用是怎样的?', null, 'Bultin', 'lhjz', '0');
INSERT INTO `article` (id, content, create_date, name, path, status, username, version) VALUES ('4', '<div align=\"left\" style=\"padding: 0px; margin: 0px; color: rgb(51, 51, 51); font-family: Verdana, Arial, Tahoma; line-height: 25px;\"><div align=\"left\" style=\"padding: 0px; margin: 0px;\"><font color=\"#ff0000\" style=\"padding: 0px; margin: 0px;\">认识脊柱病症位置</font><b style=\"padding: 0px; margin: 0px;\"><font color=\"#ff0000\" style=\"padding: 0px; margin: 0px;\"></font></b><div class=\"fs-newline\" style=\"padding: 0px; margin: 0px;\">&nbsp;</div></div></div><div align=\"left\" style=\"padding: 0px; margin: 0px; color: rgb(51, 51, 51); font-family: Verdana, Arial, Tahoma; line-height: 25px;\"><b style=\"padding: 0px; margin: 0px;\">认识脊柱病症位置（一）------</b><div class=\"fs-newline\" style=\"padding: 0px; margin: 0px;\">&nbsp;</div><b style=\"padding: 0px; margin: 0px;\">胸椎位置&nbsp;</b><br style=\"padding: 0px; margin: 0px;\"><div class=\"fs-newline\" style=\"padding: 0px; margin: 0px;\">胸椎部位</div></div><div class=\"fs-newline\" style=\"padding: 0px; margin: 0px; color: rgb(51, 51, 51); font-family: Verdana, Arial, Tahoma; line-height: 25px;\">&nbsp;</div><div align=\"left\" style=\"padding: 0px; margin: 0px; color: rgb(51, 51, 51); font-family: Verdana, Arial, Tahoma; line-height: 25px;\">第一胸椎&nbsp;&nbsp;&nbsp;&nbsp;&nbsp;&nbsp;&nbsp;&nbsp;<div class=\"fs-newline\" style=\"padding: 0px; margin: 0px;\">&nbsp;</div>心脏病、气管炎、气喘、咳嗽、呼吸困难等。<div class=\"fs-newline\" style=\"padding: 0px; margin: 0px;\">&nbsp;</div></div><div align=\"left\" style=\"padding: 0px; margin: 0px; color: rgb(51, 51, 51); font-family: Verdana, Arial, Tahoma; line-height: 25px;\">第二胸椎&nbsp;&nbsp;&nbsp;&nbsp;&nbsp;&nbsp;&nbsp;&nbsp;<div class=\"fs-newline\" style=\"padding: 0px; margin: 0px;\">&nbsp;</div>心脏病、心悸、食道炎、胸痛等。</div><div class=\"fs-newline\" style=\"padding: 0px; margin: 0px; color: rgb(51, 51, 51); font-family: Verdana, Arial, Tahoma; line-height: 25px;\">&nbsp;</div><div align=\"left\" style=\"padding: 0px; margin: 0px; color: rgb(51, 51, 51); font-family: Verdana, Arial, Tahoma; line-height: 25px;\">第三胸椎&nbsp;&nbsp;&nbsp;&nbsp;&nbsp;&nbsp;&nbsp;&nbsp;<div class=\"fs-newline\" style=\"padding: 0px; margin: 0px;\">&nbsp;</div>食道炎、支气管炎、肺炎、肋膜炎、感冒等。</div><div class=\"fs-newline\" style=\"padding: 0px; margin: 0px; color: rgb(51, 51, 51); font-family: Verdana, Arial, Tahoma; line-height: 25px;\">&nbsp;</div><div align=\"left\" style=\"padding: 0px; margin: 0px; color: rgb(51, 51, 51); font-family: Verdana, Arial, Tahoma; line-height: 25px;\">第四胸椎&nbsp;&nbsp;&nbsp;&nbsp;&nbsp;&nbsp;&nbsp;&nbsp;&nbsp;<div class=\"fs-newline\" style=\"padding: 0px; margin: 0px;\">&nbsp;</div>肺炎、肋膜炎、胆囊炎、胸闷、胸痛等。<div class=\"fs-newline\" style=\"padding: 0px; margin: 0px;\">&nbsp;</div></div><div align=\"left\" style=\"padding: 0px; margin: 0px; color: rgb(51, 51, 51); font-family: Verdana, Arial, Tahoma; line-height: 25px;\">第五胸椎&nbsp;&nbsp; &nbsp;&nbsp;&nbsp;&nbsp;&nbsp;&nbsp;<div class=\"fs-newline\" style=\"padding: 0px; margin: 0px;\">&nbsp;</div>肝炎、胆囊炎、、胃炎、面疱、粉刺等。</div><div class=\"fs-newline\" style=\"padding: 0px; margin: 0px; color: rgb(51, 51, 51); font-family: Verdana, Arial, Tahoma; line-height: 25px;\">&nbsp;</div><div align=\"left\" style=\"padding: 0px; margin: 0px; color: rgb(51, 51, 51); font-family: Verdana, Arial, Tahoma; line-height: 25px;\">第六胸椎&nbsp;&nbsp;&nbsp; &nbsp;&nbsp;&nbsp;&nbsp;&nbsp;<div class=\"fs-newline\" style=\"padding: 0px; margin: 0px;\">&nbsp;</div>胃炎、胆囊炎、胃胀气、胃灼热、食欲不振、糖尿病等。</div><div class=\"fs-newline\" style=\"padding: 0px; margin: 0px; color: rgb(51, 51, 51); font-family: Verdana, Arial, Tahoma; line-height: 25px;\">&nbsp;</div><div align=\"left\" style=\"padding: 0px; margin: 0px; color: rgb(51, 51, 51); font-family: Verdana, Arial, Tahoma; line-height: 25px;\">第七胸椎&nbsp;&nbsp;&nbsp;&nbsp;&nbsp;&nbsp;&nbsp;&nbsp;&nbsp;<div class=\"fs-newline\" style=\"padding: 0px; margin: 0px;\">&nbsp;</div>糖尿病、胃炎、胃溃疡、十二指肠溃疡等。<div class=\"fs-newline\" style=\"padding: 0px; margin: 0px;\">&nbsp;</div></div><div align=\"left\" style=\"padding: 0px; margin: 0px; color: rgb(51, 51, 51); font-family: Verdana, Arial, Tahoma; line-height: 25px;\">第八胸椎&nbsp;&nbsp;&nbsp;&nbsp;&nbsp;&nbsp;&nbsp;&nbsp;&nbsp;<div class=\"fs-newline\" style=\"padding: 0px; margin: 0px;\">&nbsp;</div>肝炎、小肠炎、虚寒症、贫血等。</div><div class=\"fs-newline\" style=\"padding: 0px; margin: 0px; color: rgb(51, 51, 51); font-family: Verdana, Arial, Tahoma; line-height: 25px;\">&nbsp;</div><div align=\"left\" style=\"padding: 0px; margin: 0px; color: rgb(51, 51, 51); font-family: Verdana, Arial, Tahoma; line-height: 25px;\">第九胸椎&nbsp;&nbsp;&nbsp;&nbsp;&nbsp;&nbsp;&nbsp;&nbsp;&nbsp;<div class=\"fs-newline\" style=\"padding: 0px; margin: 0px;\">&nbsp;</div>小肠炎、肾上腺炎、膀胱炎、频尿、排尿困难、更年期障碍等。</div><div class=\"fs-newline\" style=\"padding: 0px; margin: 0px; color: rgb(51, 51, 51); font-family: Verdana, Arial, Tahoma; line-height: 25px;\">&nbsp;</div><div align=\"left\" style=\"padding: 0px; margin: 0px; color: rgb(51, 51, 51); font-family: Verdana, Arial, Tahoma; line-height: 25px;\">第十胸椎&nbsp;&nbsp;&nbsp;&nbsp;&nbsp;&nbsp;&nbsp;&nbsp; &nbsp;<div class=\"fs-newline\" style=\"padding: 0px; margin: 0px;\">&nbsp;</div>肾脏炎、水肿、痛风、肥胖症、输尿管炎、静脉曲张等。<div class=\"fs-newline\" style=\"padding: 0px; margin: 0px;\">&nbsp;</div></div><div align=\"left\" style=\"padding: 0px; margin: 0px; color: rgb(51, 51, 51); font-family: Verdana, Arial, Tahoma; line-height: 25px;\">第十一胸椎&nbsp;&nbsp;&nbsp;&nbsp;&nbsp;<div class=\"fs-newline\" style=\"padding: 0px; margin: 0px;\">&nbsp;</div>肾脏炎、大肠炎、水肿、输尿管炎、性功能减退等。<div class=\"fs-newline\" style=\"padding: 0px; margin: 0px;\">&nbsp;</div></div><div align=\"left\" style=\"padding: 0px; margin: 0px; color: rgb(51, 51, 51); font-family: Verdana, Arial, Tahoma; line-height: 25px;\">第十二胸椎&nbsp;&nbsp;&nbsp;&nbsp;&nbsp;<div class=\"fs-newline\" style=\"padding: 0px; margin: 0px;\">&nbsp;</div>膀胱炎、频尿、不孕排卵障碍、痛风等。</div><div class=\"fs-newline\" style=\"padding: 0px; margin: 0px; color: rgb(51, 51, 51); font-family: Verdana, Arial, Tahoma; line-height: 25px;\">&nbsp;</div><div align=\"left\" style=\"padding: 0px; margin: 0px; color: rgb(51, 51, 51); font-family: Verdana, Arial, Tahoma; line-height: 25px;\"><b style=\"padding: 0px; margin: 0px;\">认识脊柱病症位置（二）------</b><div class=\"fs-newline\" style=\"padding: 0px; margin: 0px;\">&nbsp;</div><b style=\"padding: 0px; margin: 0px;\">颈椎部位</b><div class=\"fs-newline\" style=\"padding: 0px; margin: 0px;\">&nbsp;</div></div><div align=\"left\" style=\"padding: 0px; margin: 0px; color: rgb(51, 51, 51); font-family: Verdana, Arial, Tahoma; line-height: 25px;\">颈椎部位<div class=\"fs-newline\" style=\"padding: 0px; margin: 0px;\">&nbsp;</div>第一节颈椎&nbsp;&nbsp;&nbsp;&nbsp;&nbsp;<div class=\"fs-newline\" style=\"padding: 0px; margin: 0px;\">&nbsp;</div>头痛，头晕，失眠，眼睛酸痛，记忆力减退，高血压等.<div class=\"fs-newline\" style=\"padding: 0px; margin: 0px;\">&nbsp;</div>第二节颈椎&nbsp;&nbsp;&nbsp; &nbsp;<div class=\"fs-newline\" style=\"padding: 0px; margin: 0px;\">&nbsp;</div>耳鸣，眼疾，昏眩，失声，扁桃体炎，腮腺炎，鼻窦炎，等。<div class=\"fs-newline\" style=\"padding: 0px; margin: 0px;\">&nbsp;</div>第三节颈椎&nbsp;&nbsp;&nbsp;&nbsp;&nbsp;<div class=\"fs-newline\" style=\"padding: 0px; margin: 0px;\">&nbsp;</div>咽喉炎，肩颈酸痛，呼吸困难，湿疹等。<div class=\"fs-newline\" style=\"padding: 0px; margin: 0px;\">&nbsp;</div>第四节颈椎&nbsp;&nbsp;&nbsp;&nbsp;&nbsp;<div class=\"fs-newline\" style=\"padding: 0px; margin: 0px;\">&nbsp;</div>肩膀酸痛，手臂无力，牙痛，胃痛，甲状腺炎等。<div class=\"fs-newline\" style=\"padding: 0px; margin: 0px;\">&nbsp;</div>第五节颈椎&nbsp;&nbsp;&nbsp; &nbsp;<div class=\"fs-newline\" style=\"padding: 0px; margin: 0px;\">&nbsp;</div>手臂酸痛，气管炎，咽喉炎，甲状腺炎，口臭等。<div class=\"fs-newline\" style=\"padding: 0px; margin: 0px;\">&nbsp;</div>第六节颈椎&nbsp;&nbsp;&nbsp; &nbsp;<div class=\"fs-newline\" style=\"padding: 0px; margin: 0px;\">&nbsp;</div>甲状腺炎，手腕痛，五十肩，拇指及食指酸麻等。<div class=\"fs-newline\" style=\"padding: 0px; margin: 0px;\">&nbsp;</div>第七节颈椎&nbsp;&nbsp;&nbsp;&nbsp;<div class=\"fs-newline\" style=\"padding: 0px; margin: 0px;\">&nbsp;</div>甲状腺炎，中指及无名指酸麻，气喘，气管炎，小指酸麻等。<div class=\"fs-newline\" style=\"padding: 0px; margin: 0px;\">&nbsp;</div></div><div class=\"fs-newline\" style=\"padding: 0px; margin: 0px; color: rgb(51, 51, 51); font-family: Verdana, Arial, Tahoma; line-height: 25px;\">&nbsp;</div><div align=\"left\" style=\"padding: 0px; margin: 0px; color: rgb(51, 51, 51); font-family: Verdana, Arial, Tahoma; line-height: 25px;\"><b style=\"padding: 0px; margin: 0px;\">认识脊柱病症位置（三）------</b><div class=\"fs-newline\" style=\"padding: 0px; margin: 0px;\">&nbsp;</div><b style=\"padding: 0px; margin: 0px;\">腰椎部位</b><div class=\"fs-newline\" style=\"padding: 0px; margin: 0px;\">&nbsp;</div></div><div align=\"left\" style=\"padding: 0px; margin: 0px; color: rgb(51, 51, 51); font-family: Verdana, Arial, Tahoma; line-height: 25px;\">腰椎部位<div class=\"fs-newline\" style=\"padding: 0px; margin: 0px;\">&nbsp;</div></div><div align=\"left\" style=\"padding: 0px; margin: 0px; color: rgb(51, 51, 51); font-family: Verdana, Arial, Tahoma; line-height: 25px;\">第一腰椎&nbsp;&nbsp;&nbsp;&nbsp;&nbsp;<div class=\"fs-newline\" style=\"padding: 0px; margin: 0px;\">&nbsp;</div>大腿前侧痛、输尿管炎、子宫炎、更年期障碍、尿失禁等。</div><div class=\"fs-newline\" style=\"padding: 0px; margin: 0px; color: rgb(51, 51, 51); font-family: Verdana, Arial, Tahoma; line-height: 25px;\">&nbsp;</div><div align=\"left\" style=\"padding: 0px; margin: 0px; color: rgb(51, 51, 51); font-family: Verdana, Arial, Tahoma; line-height: 25px;\">第二腰椎&nbsp;&nbsp;&nbsp;&nbsp;&nbsp;<div class=\"fs-newline\" style=\"padding: 0px; margin: 0px;\">&nbsp;</div>卵巢炎、输卵管阻塞、月经失调、腰痛、坐骨神经痛等。<br style=\"padding: 0px; margin: 0px;\">&nbsp;</div><div align=\"left\" style=\"padding: 0px; margin: 0px; color: rgb(51, 51, 51); font-family: Verdana, Arial, Tahoma; line-height: 25px;\">第三腰椎&nbsp;&nbsp;&nbsp;&nbsp;&nbsp;<div class=\"fs-newline\" style=\"padding: 0px; margin: 0px;\">&nbsp;</div>膀胱炎、月经失调、子宫肌瘤、坐骨神经痛、腰痛、水肿等。<div class=\"fs-newline\" style=\"padding: 0px; margin: 0px;\">&nbsp;</div></div><div align=\"left\" style=\"padding: 0px; margin: 0px; color: rgb(51, 51, 51); font-family: Verdana, Arial, Tahoma; line-height: 25px;\">第四腰椎&nbsp;&nbsp;&nbsp;&nbsp;&nbsp;<div class=\"fs-newline\" style=\"padding: 0px; margin: 0px;\">&nbsp;</div>小腿内侧酸麻胀痛、腰痛、坐骨神经痛、前列腺障碍等。<div class=\"fs-newline\" style=\"padding: 0px; margin: 0px;\">&nbsp;</div></div><div align=\"left\" style=\"padding: 0px; margin: 0px; color: rgb(51, 51, 51); font-family: Verdana, Arial, Tahoma; line-height: 25px;\">第五腰椎&nbsp;&nbsp;&nbsp;&nbsp;&nbsp;<div class=\"fs-newline\" style=\"padding: 0px; margin: 0px;\">&nbsp;</div>小腿外侧酸麻胀痛、坐骨神经痛、膀胱炎、直肠炎、尿频、尿失禁、痔疮等。<div class=\"fs-newline\" style=\"padding: 0px; margin: 0px;\">&nbsp;</div></div><div class=\"fs-newline\" style=\"padding: 0px; margin: 0px; color: rgb(51, 51, 51); font-family: Verdana, Arial, Tahoma; line-height: 25px;\">&nbsp;</div><div align=\"left\" style=\"padding: 0px; margin: 0px; color: rgb(51, 51, 51); font-family: Verdana, Arial, Tahoma; line-height: 25px;\"><b style=\"padding: 0px; margin: 0px;\">认识脊柱病症位置（四）------</b><div class=\"fs-newline\" style=\"padding: 0px; margin: 0px;\">&nbsp;</div><b style=\"padding: 0px; margin: 0px;\">骶椎尾椎部位</b><div class=\"fs-newline\" style=\"padding: 0px; margin: 0px;\">&nbsp;</div></div><div align=\"left\" style=\"padding: 0px; margin: 0px; color: rgb(51, 51, 51); font-family: Verdana, Arial, Tahoma; line-height: 25px;\">骶椎尾椎部位</div><div class=\"fs-newline\" style=\"padding: 0px; margin: 0px; color: rgb(51, 51, 51); font-family: Verdana, Arial, Tahoma; line-height: 25px;\">&nbsp;</div><div align=\"left\" style=\"padding: 0px; margin: 0px; color: rgb(51, 51, 51); font-family: Verdana, Arial, Tahoma; line-height: 25px;\">骶椎&nbsp;&nbsp;&nbsp;&nbsp;&nbsp;&nbsp;<div class=\"fs-newline\" style=\"padding: 0px; margin: 0px;\">&nbsp;</div>前列腺炎、坐骨神经痛、痛经、月经失调、皮肤症状、尿频、尿失禁、痔疮等。</div><div class=\"fs-newline\" style=\"padding: 0px; margin: 0px; color: rgb(51, 51, 51); font-family: Verdana, Arial, Tahoma; line-height: 25px;\">&nbsp;</div><div align=\"left\" style=\"padding: 0px; margin: 0px; color: rgb(51, 51, 51); font-family: Verdana, Arial, Tahoma; line-height: 25px;\">尾椎&nbsp;&nbsp;&nbsp;&nbsp;&nbsp;&nbsp;<div class=\"fs-newline\" style=\"padding: 0px; margin: 0px;\">&nbsp;</div>尾椎痛、肛门炎、直肠炎、尿频、尿失禁、痔疮等。</div>', '2015-05-24 11:19:48', '关爱健康—认识脊柱病症位置', null, 'Bultin', 'lhjz', '0');
INSERT INTO `article` (id, content, create_date, name, path, status, username, version) VALUES ('5', '<span style=\"color: rgb(51, 51, 51); font-family: Verdana, Arial, Tahoma; line-height: 25px;\">脊髓灰质炎是脊髓灰质炎病毒引起的急性传染病，好发于小儿，又称“小儿麻痹症”。病情轻重差异很大，临床表现不同程度肌肉弛缓性麻痹。严重者可于急性期因呼吸、吞咽麻痹而死亡，多数患者可治愈，少数留有后遗症。发病年龄以4个月至5岁小儿发病率最高。夏秋是最常见的发病季节，冬春两季也有少数散发病例出现。我国自上世纪60年代以来推行口服减毒活疫苗糖丸预防本病后，基本控制本病流行，发病率已大大下降，有不少地区接近消灭。</span><br style=\"padding: 0px; margin: 0px; color: rgb(51, 51, 51); font-family: Verdana, Arial, Tahoma; line-height: 25px;\"><br style=\"padding: 0px; margin: 0px; color: rgb(51, 51, 51); font-family: Verdana, Arial, Tahoma; line-height: 25px;\"><span style=\"color: rgb(51, 51, 51); font-family: Verdana, Arial, Tahoma; line-height: 25px;\">　　本病在瘫痪前属温病范畴，后期则属于“痿证”、“小儿中风”、“软脚瘟”等病证。</span><br style=\"padding: 0px; margin: 0px; color: rgb(51, 51, 51); font-family: Verdana, Arial, Tahoma; line-height: 25px;\"><br style=\"padding: 0px; margin: 0px; color: rgb(51, 51, 51); font-family: Verdana, Arial, Tahoma; line-height: 25px;\"><span style=\"color: rgb(51, 51, 51); font-family: Verdana, Arial, Tahoma; line-height: 25px;\">　　辨证论治</span><br style=\"padding: 0px; margin: 0px; color: rgb(51, 51, 51); font-family: Verdana, Arial, Tahoma; line-height: 25px;\"><br style=\"padding: 0px; margin: 0px; color: rgb(51, 51, 51); font-family: Verdana, Arial, Tahoma; line-height: 25px;\"><span style=\"color: rgb(51, 51, 51); font-family: Verdana, Arial, Tahoma; line-height: 25px;\">　　1、邪犯肺胃证</span><br style=\"padding: 0px; margin: 0px; color: rgb(51, 51, 51); font-family: Verdana, Arial, Tahoma; line-height: 25px;\"><br style=\"padding: 0px; margin: 0px; color: rgb(51, 51, 51); font-family: Verdana, Arial, Tahoma; line-height: 25px;\"><span style=\"color: rgb(51, 51, 51); font-family: Verdana, Arial, Tahoma; line-height: 25px;\">　　[证候]&nbsp;&nbsp;发热有汗，咳嗽流涕，咽红咽痛，全身不适，或有头痛，呕吐，腹痛，腹泻，便秘，伴有精神不振、嗜睡或烦躁不安。舌质红，苔薄白，脉濡数。</span><br style=\"padding: 0px; margin: 0px; color: rgb(51, 51, 51); font-family: Verdana, Arial, Tahoma; line-height: 25px;\"><br style=\"padding: 0px; margin: 0px; color: rgb(51, 51, 51); font-family: Verdana, Arial, Tahoma; line-height: 25px;\"><span style=\"color: rgb(51, 51, 51); font-family: Verdana, Arial, Tahoma; line-height: 25px;\">　　[治法]&nbsp;&nbsp;解表清热，疏风利湿。</span><br style=\"padding: 0px; margin: 0px; color: rgb(51, 51, 51); font-family: Verdana, Arial, Tahoma; line-height: 25px;\"><br style=\"padding: 0px; margin: 0px; color: rgb(51, 51, 51); font-family: Verdana, Arial, Tahoma; line-height: 25px;\"><span style=\"color: rgb(51, 51, 51); font-family: Verdana, Arial, Tahoma; line-height: 25px;\">　　[方药]&nbsp;&nbsp;葛根芩连汤。主要药物；葛根、黄芩、黄连、甘草。如湿邪偏重可加用藿香、薏苡仁、半夏、焦山楂等和胃化湿；烦躁不安，可加灯心草、地龙等安神镇静；嗜睡，苔腻者，加胆南星、茯苓、石菖蒲等以化痰祛浊；恶心、呕吐频繁，舌苔黄腻者，加干姜合黄连苦辛通降；大便秘结者加瓜蒌、决明子清热润肠。</span><br style=\"padding: 0px; margin: 0px; color: rgb(51, 51, 51); font-family: Verdana, Arial, Tahoma; line-height: 25px;\"><br style=\"padding: 0px; margin: 0px; color: rgb(51, 51, 51); font-family: Verdana, Arial, Tahoma; line-height: 25px;\"><span style=\"color: rgb(51, 51, 51); font-family: Verdana, Arial, Tahoma; line-height: 25px;\">　　2、邪注经络证</span><br style=\"padding: 0px; margin: 0px; color: rgb(51, 51, 51); font-family: Verdana, Arial, Tahoma; line-height: 25px;\"><br style=\"padding: 0px; margin: 0px; color: rgb(51, 51, 51); font-family: Verdana, Arial, Tahoma; line-height: 25px;\"><span style=\"color: rgb(51, 51, 51); font-family: Verdana, Arial, Tahoma; line-height: 25px;\">　　[证候]&nbsp;&nbsp;一般在肺胃症状消失后的3～4天发热又起，患儿肢体疼痛，转侧不利，哭闹不安，拒绝抚抱，继而出现瘫痪。其瘫痪部位的分布无一定规律，但常见者以下肢为多。有发生于一侧的，也有两肢同时并见的。面部瘫痪，则见口眼歪斜。在瘫痪部位的皮肤温度比健侧为凉，若兼见腹肌瘫痪者，在啼哭时可发现腹部显著膨隆。如病及膀胱，可使小便癃闭或失禁。舌红苔腻，脉濡数。</span><br style=\"padding: 0px; margin: 0px; color: rgb(51, 51, 51); font-family: Verdana, Arial, Tahoma; line-height: 25px;\"><br style=\"padding: 0px; margin: 0px; color: rgb(51, 51, 51); font-family: Verdana, Arial, Tahoma; line-height: 25px;\"><span style=\"color: rgb(51, 51, 51); font-family: Verdana, Arial, Tahoma; line-height: 25px;\">　　[治法]&nbsp;&nbsp;清热化湿，舒通经络。</span><br style=\"padding: 0px; margin: 0px; color: rgb(51, 51, 51); font-family: Verdana, Arial, Tahoma; line-height: 25px;\"><br style=\"padding: 0px; margin: 0px; color: rgb(51, 51, 51); font-family: Verdana, Arial, Tahoma; line-height: 25px;\"><span style=\"color: rgb(51, 51, 51); font-family: Verdana, Arial, Tahoma; line-height: 25px;\">　　[方药]&nbsp;羌活胜湿汤。主要药物：羌活、独活、薏苡仁、秦艽、防风、细辛。若湿热身重，伴有汗，舌苔黄腻者，本方加苍术、黄柏、防己、薏苡仁等清热除湿，如口眼歪斜，出现面瘫，可加白附子、僵蚕、全蝎祛风化痰。</span>', '2015-06-02 18:47:43', '脊髓灰质炎中医诊疗技术', null, 'Bultin', 'lhjz', '0');
INSERT INTO `article` (id, content, create_date, name, path, status, username, version) VALUES ('6', '<span style=\"color: rgb(51, 51, 51); font-family: Verdana, Arial, Tahoma; line-height: 25px;\">近年来，以治疗椎间盘突出为代表的脊柱手术开展得越来越多，治疗脊膜瘤、神经鞘瘤也纷纷在人体这条“大梁”上开刀，但刀锋所到之处，不仅切除了病根，也难免损伤了神经，为患者在术后留下疼痛的隐患。不少患者以为“做手术哪有不疼的”，术后长年受到疼痛的煎熬只好认命，其实，目前对术后神经痛已有了有效的治疗方法。</span><p style=\"padding: 0px; margin-bottom: 0px; color: rgb(51, 51, 51); font-family: Verdana, Arial, Tahoma; line-height: 25px;\">　　文/记者伍君仪&nbsp;通讯员崔艳玲、邝莹</p><p style=\"padding: 0px; margin-bottom: 0px; color: rgb(51, 51, 51); font-family: Verdana, Arial, Tahoma; line-height: 25px;\">　　马女士半个月前经历了胸椎和腰椎的联合大手术，术后两条腿一直疼痛不止，晚上连觉也睡不着，到现在两条腿还紧紧地交叉缠在一起，无论怎么使劲都分不开，根本不能下地行走，只能躺在病床上。广州市红十字会医院疼痛科主任王家双表示，她马女士的疼痛和绷紧正是脊柱手术损伤神经的后遗症。</p><p style=\"padding: 0px; margin-bottom: 0px; color: rgb(51, 51, 51); font-family: Verdana, Arial, Tahoma; line-height: 25px;\">　　患者痛不欲生甚至自杀</p><p style=\"padding: 0px; margin-bottom: 0px; color: rgb(51, 51, 51); font-family: Verdana, Arial, Tahoma; line-height: 25px;\">　　王家双表示，最早引起医学界关注手术后疼痛的是越战老兵。当年很多负战伤的美军在经过手术后，躯体的创伤完全康复了，但随后多年一直感到难忍的疼痛，医学界发现，原来是受损的神经在作怪。</p><p style=\"padding: 0px; margin-bottom: 0px; color: rgb(51, 51, 51); font-family: Verdana, Arial, Tahoma; line-height: 25px;\">　　在临床上，术后神经痛分为急性与慢性两种。急性疼痛多发生在术后48小时之内，慢性痛则多发生在术后2~3个月。神经痛在感觉上分为如下几种：闪电样痛、刀割样痛、火烧样痛、撕裂样痛、针刺样痛——每一种都很要命，不少患者甚至因此自杀或尝试自杀。</p><p style=\"padding: 0px; margin-bottom: 0px; color: rgb(51, 51, 51); font-family: Verdana, Arial, Tahoma; line-height: 25px;\">　　除了痛，还有痒，因为痒和痛的神经通路是相同的。此外，有的患者还有身体局部的绷紧、麻木、发冷等症状。</p><p style=\"padding: 0px; margin-bottom: 0px; color: rgb(51, 51, 51); font-family: Verdana, Arial, Tahoma; line-height: 25px;\">　　慢性痛如不加处理，可持续很长时间，有的竟然达到10年，无休止的痛让患者吃不香，睡不着，甚至活动受限，生活质量大大降低。</p><p style=\"padding: 0px; margin-bottom: 0px; color: rgb(51, 51, 51); font-family: Verdana, Arial, Tahoma; line-height: 25px;\">　　术后第一年治疗有效率近100%</p><p style=\"padding: 0px; margin-bottom: 0px; color: rgb(51, 51, 51); font-family: Verdana, Arial, Tahoma; line-height: 25px;\">　　复杂的结构加上频繁的使用，使脊柱容易出现骨质增生和各种损伤。脊柱的手术操作，无论是开刀的大手术，还是打小孔的微创手术，都会在一定程度上破坏脊柱解剖和功能上的完整性，也改变了其生物力学，加上手术出血、体液渗出造成术后组织黏连，神经的损伤在所难免。</p><p style=\"padding: 0px; margin-bottom: 0px; color: rgb(51, 51, 51); font-family: Verdana, Arial, Tahoma; line-height: 25px;\">　　王家双说，美国每年进行30万例脊柱手术，其中20%~30%会在术后出现神经痛症状。我国人口基数大，术后出现这个问题的绝对数量会比美国大得多。</p><p style=\"padding: 0px; margin-bottom: 0px; color: rgb(51, 51, 51); font-family: Verdana, Arial, Tahoma; line-height: 25px;\">　　面对痛不欲生的病人，有的外科医生采取切断疼痛神经的做法。“这样做一定要慎之又慎，因为疼痛的发生机理涉及从神经末梢到大脑中枢整条通路，简单切断一条神经不一定能除去刺激神经的因素，反而可能加剧疼痛”。</p><p style=\"padding: 0px; color: rgb(51, 51, 51); font-family: Verdana, Arial, Tahoma; line-height: 25px;\">　　目前治疗术后神经痛的手段包括给病人进行PCA镇痛泵治疗、脉冲射频、三氧治疗等。为了取得更好的效果，王家双建议患者及早治疗，“术后第一年的治疗有效率接近100%，术后3~5年才来看就很难治了，只能减轻约50%的痛苦。”</p>', '2015-06-02 18:48:04', '脊柱术后神经痛 慎行“一刀切”', null, 'Bultin', 'lhjz', '0');
INSERT INTO `article` (id, content, create_date, name, path, status, username, version) VALUES ('7', '<span style=\"color: rgb(51, 51, 51); font-family: Verdana, Arial, Tahoma; line-height: 25px;\">强制性脊柱炎是一种慢性免疫性疾病，是一种严重的致残性疾病，如果早期得不到及时有效的治疗，很容易造成全身各大关节的骨性强直，丧失工作和生活自理的能力，对人们的身心健康造成很大的影响。自身免疫系统失衡，是导致强直性脊柱炎病发的重要原因，他主要侵犯中轴骨骼，以骶髂关节炎为标志，而髋、肩以外的四肢关节受累相对少见。要想治愈疾病，就必须了解它的发病原因，从而需找合适的治疗方式。</span><strong style=\"padding: 0px; margin: 0px; color: rgb(51, 51, 51); font-family: Verdana, Arial, Tahoma; line-height: 25px;\"><a href=\"http://health.enorth.com.cn/jbxw/qzxjzy/\" style=\"padding: 0px; margin: 0px; color: rgb(1, 36, 92);\">强直性脊柱炎的病因</a></strong><span style=\"color: rgb(51, 51, 51); font-family: Verdana, Arial, Tahoma; line-height: 25px;\">有很多，经过大量的研究调查，基本可以总结出一下几点。</span><p style=\"padding: 0px; margin-bottom: 0px; color: rgb(51, 51, 51); font-family: Verdana, Arial, Tahoma; line-height: 25px;\">　　<strong style=\"padding: 0px; margin: 0px;\">遗传因素</strong>&nbsp;强直性脊柱炎是不是遗传病还没有定论，但是经过大量的调查发现90%强直性脊柱炎患者是有遗传因素的。所以，可以肯定强直性脊柱炎是一种与遗传有密切关系的疾病。</p><p style=\"padding: 0px; margin-bottom: 0px; color: rgb(51, 51, 51); font-family: Verdana, Arial, Tahoma; line-height: 25px;\">　　<strong style=\"padding: 0px; margin: 0px;\">自身免疫</strong>&nbsp;在强直性脊柱炎病人中，人体淋巴细胞组织相容抗原(HLA-B27)高达90%，部分强直性脊柱炎病人的免疫球蛋白升高，这也证明本病是一种自身免疫性疾病。</p><p style=\"padding: 0px; margin-bottom: 0px; color: rgb(51, 51, 51); font-family: Verdana, Arial, Tahoma; line-height: 25px;\">　　<strong style=\"padding: 0px; margin: 0px;\">外伤诱发</strong>&nbsp;在对特殊人群的调查中发现，固定的工作姿势及刻板式局部训练可诱发本病，我们在临床中发现部分病人是在外伤后发病的。</p><p style=\"padding: 0px; margin-bottom: 0px; color: rgb(51, 51, 51); font-family: Verdana, Arial, Tahoma; line-height: 25px;\">　　<strong style=\"padding: 0px; margin: 0px;\">内分泌原因</strong>&nbsp;本病男性发病率明显高于女性，14—17岁是本病的发病高峰。因此，强直性脊柱炎发病可能与男性内分泌激素有关。</p><p style=\"padding: 0px; margin-bottom: 0px; color: rgb(51, 51, 51); font-family: Verdana, Arial, Tahoma; line-height: 25px;\">　　<strong style=\"padding: 0px; margin: 0px;\">不良的生活环境</strong>&nbsp;在流行病学调查中发现，潮湿与寒冷的生活环境对强直性脊柱炎的发病有重要作用，风、寒、湿的环境可作为激发条件促使发病。</p><p style=\"padding: 0px; margin-bottom: 0px; color: rgb(51, 51, 51); font-family: Verdana, Arial, Tahoma; line-height: 25px;\">　　人类与疾病的长期对抗中，医疗技术不断进步，<strong style=\"padding: 0px; margin: 0px;\">强直性脊柱炎</strong>的攻克已经不是梦想。对于疾病的进一步研究了解发现，强直性脊柱炎的症状表现中有明显的自身免疫原因，根据这一点专家利用在细胞治疗领域有重大突破的“魔法细胞”——干细胞对强直性脊柱炎从根源上进行治疗取得了极佳的疗效。</p><p style=\"padding: 0px; margin-bottom: 0px; color: rgb(51, 51, 51); font-family: Verdana, Arial, Tahoma; line-height: 25px;\">　　干细胞俗称“万能细胞”，它是一种具有完全分化潜能的原始细胞，经过特定的培养可以分化成人体所需的细胞组织，通过这一特性对干细胞进行培养，移植到强直性脊柱炎患者体内修复患者的自身免疫系统，从而达到缓解甚至治愈疾病的目的。干细胞移植治疗作为生物医学的尖端技术，一直备受世界各国的关注。目前，已有多个国家开始利用这一先进技术对各种疾病进行治疗，并且得到很好的效果。</p><p style=\"padding: 0px; color: rgb(51, 51, 51); font-family: Verdana, Arial, Tahoma; line-height: 25px;\">　　不少医院在没有资质审批的情况下冒用此技术，导致不少患者为此花费巨资，延误病情!北京武警第三医院作为国家干细胞规范化治疗示范医院提醒患者，强直性脊柱炎如果延误病情就有可能导致残疾，所以患者应早发现早治疗，千万不要盲目就医。</p>', '2015-06-02 18:48:18', '详解强直性脊柱炎病因', null, 'Bultin', 'lhjz', '0');
INSERT INTO `article` (id, content, create_date, name, path, status, username, version) VALUES ('8', '<span style=\"color: rgb(51, 51, 51); font-family: Verdana, Arial, Tahoma; line-height: 25px;\">1.患者已经持续了3个月以上的腰痛、腰僵症状，休息后症状也没有明显缓解。</span><br style=\"padding: 0px; margin: 0px; color: rgb(51, 51, 51); font-family: Verdana, Arial, Tahoma; line-height: 25px;\"><span style=\"color: rgb(51, 51, 51); font-family: Verdana, Arial, Tahoma; line-height: 25px;\">　2.在没有明显外伤史和扭伤史的前提下，单侧或双侧出现坐骨神经痛。</span><br style=\"padding: 0px; margin: 0px; color: rgb(51, 51, 51); font-family: Verdana, Arial, Tahoma; line-height: 25px;\"><span style=\"color: rgb(51, 51, 51); font-family: Verdana, Arial, Tahoma; line-height: 25px;\">　3.患者会表现反复发作的膝关节、关节积液和踝关节肿痛的症状，且没有明显外伤史和感染史。</span><br style=\"padding: 0px; margin: 0px; color: rgb(51, 51, 51); font-family: Verdana, Arial, Tahoma; line-height: 25px;\"><span style=\"color: rgb(51, 51, 51); font-family: Verdana, Arial, Tahoma; line-height: 25px;\">　4.有骨结节肿痛或足跟痛，且反复发作。</span><br style=\"padding: 0px; margin: 0px; color: rgb(51, 51, 51); font-family: Verdana, Arial, Tahoma; line-height: 25px;\"><span style=\"color: rgb(51, 51, 51); font-family: Verdana, Arial, Tahoma; line-height: 25px;\">　5.反复发作的虹膜炎。</span><br style=\"padding: 0px; margin: 0px; color: rgb(51, 51, 51); font-family: Verdana, Arial, Tahoma; line-height: 25px;\"><span style=\"color: rgb(51, 51, 51); font-family: Verdana, Arial, Tahoma; line-height: 25px;\">　6.在没有呼吸道症状和外伤史的前提下，患者出现胸部疼痛及束带感，胸廓活动障碍。</span><br style=\"padding: 0px; margin: 0px; color: rgb(51, 51, 51); font-family: Verdana, Arial, Tahoma; line-height: 25px;\"><span style=\"color: rgb(51, 51, 51); font-family: Verdana, Arial, Tahoma; line-height: 25px;\">　7.患者出现脊柱疼痛强直和僵硬感，有的时候活动功能也会受到限制，之前也没遇过外伤和扭伤的病史。</span><br style=\"padding: 0px; margin: 0px; color: rgb(51, 51, 51); font-family: Verdana, Arial, Tahoma; line-height: 25px;\"><span style=\"color: rgb(51, 51, 51); font-family: Verdana, Arial, Tahoma; line-height: 25px;\">　8.双侧臀部及髋关节疼痛，无明显外伤史及劳损史。</span><br style=\"padding: 0px; margin: 0px; color: rgb(51, 51, 51); font-family: Verdana, Arial, Tahoma; line-height: 25px;\"><span style=\"color: rgb(51, 51, 51); font-family: Verdana, Arial, Tahoma; line-height: 25px;\">　9.突然发生脊柱和四肢大关节疼痛、肿胀，严重时活动功能也会受到限制。</span><p style=\"padding: 0px; color: rgb(51, 51, 51); font-family: Verdana, Arial, Tahoma; line-height: 25px;\">　强直性脊柱炎的治疗的目的在于控制炎症，减轻或缓解症状，维持正常姿势和最佳功能位置，防止畸形。要达到上述目的，关键在于早期诊断、早期治疗，采取综合措施进行治疗。治疗强直性脊柱炎，需要根据患者的具体病情，综合患者的病因、病情程度、体质及对药物的敏感度，经专家辩证、分析病情之后，才能够确定具体的治疗方案。济南456医院三楼风湿科孟军主任（0531-85917120/85918120）采用无创介入滑膜溶解术，配合中西医药物，可以有效控制强直性脊柱炎的发展，使患者可以像正常人一样生活。&nbsp;&nbsp;&nbsp;<br style=\"padding: 0px; margin: 0px;\">　无创介入滑膜溶解术有以下几大优点&nbsp;&nbsp;&nbsp;&nbsp;&nbsp;&nbsp;<br style=\"padding: 0px; margin: 0px;\">　⑴无创介入滑膜溶解术最显著的特点，就是在病变部位注入药液，直接总攻病灶部位，在局部直接发挥作用，快速解除病痛，使患者重获新生。&nbsp;&nbsp;&nbsp;&nbsp;&nbsp;<br style=\"padding: 0px; margin: 0px;\">　⑵有些病人可能知道手术滑膜切除术治疗风湿、类风湿、强直性脊柱炎。而无创介入滑膜溶解术是通过药物注射，药物均匀分布在滑膜表面，因此能彻底清除滑膜，防止复发。简单的说无创介入滑膜溶解术是以注射的方式起到手术的效果。&nbsp;&nbsp;&nbsp;&nbsp;&nbsp;&nbsp;<br style=\"padding: 0px; margin: 0px;\">　⑶此项技术操作较简单，病人痛苦小，几乎无任何副作用，病人无需住院，不开刀，费用低。疗效快而且远期效果好，关节不再肿胀，活动自如。此疗法最大特点是一次注射即可治疗，终身受益。</p>', '2015-06-02 18:48:30', '早期强直性脊柱炎的症状', null, 'Bultin', 'lhjz', '0');
INSERT INTO `article` (id, content, create_date, name, path, status, username, version) VALUES ('9', '<p style=\"padding: 0px; margin-bottom: 0px; color: rgb(51, 51, 51); font-family: Verdana, Arial, Tahoma; line-height: 25px;\">无机气体小分子一氧化氮(NO)是近年来发现的一种全新的重要神经信息物质,不论在外周或中枢神经系统都担负着重要的信号传导任务l_1]。它既是第二信使,又是一种神经递质[2]。NO作为细胞间和细胞内信使与传统的神经递质有很大区别:①它是一种小分子量的反应性气体,容易弥散性地通透细胞膜,而不象传统的递质/调质都由突触囊泡胞吐释放。③没有传统的递质/调质所必需的膜受体,而是主要通过直接作用于胞浆的可溶性鸟甘酸环化酶(sGC),使其活化产生cGMP作用于PKG(cGMP依赖性蛋白激酶)而发挥信使作用。③半衰期在毫秒与秒之间,仅有很局限的作用范围。</p><p style=\"padding: 0px; color: rgb(51, 51, 51); font-family: Verdana, Arial, Tahoma; line-height: 25px;\">&nbsp;&nbsp;&nbsp;&nbsp;&nbsp; 另外,NO还可被载体分子如半胱氨酸以运载方式携入另外的神、经元或胶质,因而有可能延长其作用时程和范围。 N()参与多个系统(神经系统、免疫系统、心血管系统、消化系统、生殖系统等)的正常生理功能和异常病理生理活动。NO是由一氧化氮合酶(NOs)通过氧化作用降解L一精氨酸(I。一Arg)而产生的。对内源性N0的合成的调节主要通过对NOS的调节实现的[“。脊髓内NOs分布于神经元胞体、末梢、胶质细胞及内皮细胞。</p>', '2015-06-02 18:48:43', 'NO与脊髓水平伤害性信息调控', null, 'Bultin', 'lhjz', '0');
INSERT INTO `article` (id, content, create_date, name, path, status, username, version) VALUES ('10', '<ul style=\"padding: 0px; margin: 0px; list-style: none; color: rgb(51, 51, 51); font-family: Verdana, Arial, Tahoma; line-height: 25px;\"><li style=\"padding: 0px; margin: 0px; list-style: none;\"><p style=\"padding: 0px;\">生活中这些小方法对腰椎间盘突出的治疗起到一定的作用，能够解决自我治疗腰椎间盘突出症的目的。不过，很多时候饮食也是一个不可忽视的方面</p></li><li style=\"padding: 0px; margin: 0px; list-style: none;\"><p style=\"padding: 0px; margin-bottom: 0px;\">维生素E有扩张血管、促进血液循环、消除肌肉紧张的作用，同样能缓解腰椎间盘突出的疼痛的症状。日常生活中含维生素E多的食物有鳝鱼、大豆、花生米、芝麻、杏仁等。</p><p style=\"padding: 0px;\">可选用一些祛风寒、活血通络、补益肝肾之药膳食进行饮食调护。</p></li><li style=\"padding: 0px; margin: 0px; list-style: none;\"><p style=\"padding: 0px;\">蛋白质是形成肌肉、韧带所不可或缺的营养素。日常生活中含蛋白质多的食物有猪肉、鸡肉、牛肉、肝脏、鱼类、鸡蛋、豆类及其豆制品等.</p></li><li style=\"padding: 0px; margin: 0px; list-style: none;\"><p style=\"padding: 0px;\">维生素C能增强腰椎椎间盘的纤维环的强度，多食维生素C也能达到缓解腰椎间盘突出的症状的效果。维生素C含量多的食物有红薯、马铃薯、油菜花、青椒、卷心菜、芹菜、草莓、甜柿子、柠檬、橘子等.</p></li><li style=\"padding: 0px; margin: 0px; list-style: none;\"><p style=\"padding: 0px;\">慎食煎炸之品。因这类食品易导致便秘，使腹压增高，加重腰腿痛症状。</p></li></ul>', '2015-06-02 18:48:58', '腰椎间盘突出患者食物应注意', null, 'Bultin', 'lhjz', '0');
INSERT INTO `article` (id, content, create_date, name, path, status, username, version) VALUES ('11', '<ul style=\"padding: 0px; margin: 0px; list-style: none; color: rgb(51, 51, 51); font-family: Verdana, Arial, Tahoma; line-height: 25px;\"><li style=\"padding: 0px; margin: 0px; list-style: none;\"><p style=\"padding: 0px;\"><span style=\"line-height: 25px;\">为了清除疝出的椎间隙内的椎间盘物质，德国SFESYS(椎间孔扩大术脊椎内窥镜系统)使用特殊的后外侧，经椎间孔入路。和传统的北侧入路相比，对于病人的创伤较小。使用北侧椎版切除术清除椎间孔内和经椎间孔脱出的椎间盘碎片，为了达到预计的手术部位对脊柱稳定结构所进行的国度剥离，常导致即可的脊柱融合。与此对比，椎间孔扩大术内窥镜脊柱系统可以到达除了完全位于背侧的每一个疝出的椎间盘碎片或脱出。使用椎间孔扩大术内窥镜脊柱系统方法所记载的复发率非常低。使用这个方法，隔离的椎间盘物质通过椎间孔直接完全的被清除，使用特殊设计的扩孔钻和附属器械以渐进的方式逐步扩大椎间孔。病人可以出狱俯卧位和侧卧，在局麻下在整个手术过程中处于清醒状态。在整个手术过程中可以和病人交谈。整个手术可以在医院和门诊病人手术中心有效的进行。</span><br></p></li></ul>', '2015-06-02 18:49:10', '脊柱微创系统', null, 'Bultin', 'lhjz', '0');
INSERT INTO `article` (id, content, create_date, name, path, status, username, version) VALUES ('12', '<ul style=\"padding: 0px; margin: 0px; list-style: none; color: rgb(51, 51, 51); font-family: Verdana, Arial, Tahoma; line-height: 25px;\"><li style=\"padding: 0px; margin: 0px; list-style: none;\"><p style=\"padding: 0px; margin-bottom: 0px; line-height: 25px;\">百科全说 董安立&nbsp; 日常脊柱保健操<br style=\"padding: 0px; margin: 0px;\"><br style=\"padding: 0px; margin: 0px;\">胳膊肘放在桌子上，放平，然后肩向前转，向后转，各转八下。</p><p style=\"padding: 0px; margin-bottom: 0px; line-height: 25px;\">多这样做一做，不光对肩周炎有好处，而且对整个的上背部，颈部的肌肉都有很好的活动作用。<br style=\"padding: 0px; margin: 0px;\"><br style=\"padding: 0px; margin: 0px;\">&nbsp;</p><p style=\"padding: 0px; margin-bottom: 0px; line-height: 25px;\"><strong style=\"padding: 0px; margin: 0px;\">相关推荐 简易有效脊椎保健操</strong></p><p style=\"padding: 0px; margin-bottom: 0px; line-height: 25px;\">&nbsp;</p><p style=\"padding: 0px; margin-bottom: 0px; line-height: 25px;\">侧卧转体：取侧卧位，下方腿伸直，上方腿屈曲，上方手叉腰。上身做前后转体活动，幅度大些为好，使腰部充分旋转，左右各3～6下。</p><p style=\"padding: 0px; margin-bottom: 0px; line-height: 25px;\">&nbsp;</p><p style=\"padding: 0px; margin-bottom: 0px; line-height: 25px;\">仰卧推肩：取仰卧位，双臂平放床上，屈肘，双手放于胸前。头转右时，右肩用力向前推动（右肘不离床）。头转左侧，如法推动左肩，左右各3～6下（双手有晨僵或手有麻木感者可多做）。有肩周炎者加耸肩、摇肩动作，并在锁骨上窝做痛点按压。</p><p style=\"padding: 0px; margin-bottom: 0px; line-height: 25px;\">&nbsp;</p><p style=\"padding: 0px; margin-bottom: 0px; line-height: 25px;\">拿捏后颈：取仰卧位，一手托头后，用另一手掌放在颈后部，用2、3、4指与掌部用力捏拿后颈。手指触及肿痛或隆突的椎关节时，可多拿捏几次。左右两侧由上而下，由下而上往复2～3遍，达到左右转颈均感舒适为止。</p><p style=\"padding: 0px; margin-bottom: 0px; line-height: 25px;\">&nbsp;</p><p style=\"padding: 0px; margin-bottom: 0px; line-height: 25px;\">仰头摇正：取仰卧位，以右侧为例，左手托头后部，头向右转30度，右手掌托下颌部，右手各指指向右耳，用短促的力，右手向上推下颌部，使头转向左上方复正，每次2～3下。双手换位，如法做左侧。如有头颈单侧麻痛的，应先做健侧，后做患侧。</p><p style=\"padding: 0px; margin-bottom: 0px; line-height: 25px;\">&nbsp;</p><p style=\"padding: 0px; margin-bottom: 0px; line-height: 25px;\">引身舒脊：取仰卧位，双手重叠托住后颈枕部，双下肢屈曲，足跟尽可能向臀部靠近，臀部轻微抬起离床，双下肢同时用力将双膝向下按压，足部向上蹬，使身体受牵引力而下移。由于双手将头颈部稳住，因此可使颈、胸、腰椎的椎间受到牵引，使各椎间距增宽，对位良好。此法具抗衰老和治疗脊椎病的作用。如病痛较重，可先做单腿牵引法，左右侧各牵拉2～3次后，再行双下肢牵引法，2～3次结束。</p><p style=\"padding: 0px; margin-bottom: 0px; line-height: 25px;\">&nbsp;</p><p style=\"padding: 0px; line-height: 25px;\">仰卧挺胸：取仰卧位，双手重叠托后颈部，双下肢伸直自然舒适，以头、臀部做支点将背部抬起离床（同时吸气），用力将背放回床上（同时呼气）。动作要自然，可酌情做10～100下。初练者每10下停一次，呼吸顺畅后继续练习。此法能提高脊柱稳定性，减少发病。</p></li></ul>', '2015-06-02 18:49:22', '日常脊柱保健操', null, 'Bultin', 'lhjz', '0');

-- ----------------------------
-- Records of diagnose
-- ----------------------------
INSERT INTO `diagnose` (id, age, create_date, description, job, mail, phone, status, username, version) VALUES ('1', null, '2015-06-04 22:05:26', '在线诊断是针对您在网上描述的基本症状信息,我们的专家人员会及时反馈到您的初步诊断信息,以便您清楚的了解自己的病况,然后选择正确的治疗方法.', null, 'xiwc87@yeah.net', '18721764335', 'New', null, '0');
INSERT INTO `diagnose` (id, age, create_date, description, job, mail, phone, status, username, version) VALUES ('2', null, '2015-06-04 22:05:36', '在线诊断是针对您在网上描述的基本症状信息,我们的专家人员会及时反馈到您的初步诊断信息,以便您清楚的了解自己的病况,然后选择正确的治疗方法.', null, '547538651@dfd.com', '18721764336', 'Ignored', null, '0');
INSERT INTO `diagnose` (id, age, create_date, description, job, mail, phone, status, username, version) VALUES ('3', null, '2015-06-04 22:05:49', '在线诊断是针对您在网上描述的基本症状信息,我们的专家人员会及时反馈到您的初步诊断信息,以便您清楚的了解自己的病况,然后选择正确的治疗方法.', null, '', '18721764337', 'Resolved', null, '0');
INSERT INTO `diagnose` (id, age, create_date, description, job, mail, phone, status, username, version) VALUES ('4', null, '2015-06-04 22:05:54', '在线诊断是针对您在网上描述的基本症状信息,我们的专家人员会及时反馈到您的初步诊断信息,以便您清楚的了解自己的病况,然后选择正确的治疗方法.', null, '', '18721764338', 'Resolved', null, '0');
INSERT INTO `diagnose` (id, age, create_date, description, job, mail, phone, status, username, version) VALUES ('5', null, '2015-06-04 22:06:09', '在线诊断是针对您在网上描述的基本症状信息,我们的专家人员会及时反馈到您的初步诊断信息,以便您清楚的了解自己的病况,然后选择正确的治疗方法.', null, 'xiweicheng87@yeah.net', '', 'Ignored', null, '0');
INSERT INTO `diagnose` (id, age, create_date, description, job, mail, phone, status, username, version) VALUES ('6', null, '2015-06-04 22:06:12', '在线诊断是针对您在网上描述的基本症状信息,我们的专家人员会及时反馈到您的初步诊断信息,以便您清楚的了解自己的病况,然后选择正确的治疗方法.', null, 'lihengjizhu@163.com', '', 'New', null, '0');
INSERT INTO `diagnose` (id, age, create_date, description, job, mail, phone, status, username, version) VALUES ('7', null, '2015-06-04 22:06:15', '在线诊断是针对您在网上描述的基本症状信息,我们的专家人员会及时反馈到您的初步诊断信息,以便您清楚的了解自己的病况,然后选择正确的治疗方法.', null, 'dfsgs3der1e@dfdf.com', '', 'New', null, '0');

-- ----------------------------
-- Records of config
-- ----------------------------
INSERT INTO `config` (`id`, `create_date`, `_key`, `more`, `status`, `update_date`, `username`, `value`, `version`) VALUES ('1', '2015-06-09 19:39:48', 'Contact', null, 'Normal', '2015-06-09 22:26:22', 'lhjz', '{\"name\":\"北京立衡脊柱健康科技有限公司\",\"addr\":\"北京丰台马家堡东路公益东桥北路东海上海花园168号立衡脊柱\",\"phone\":\"13366675506\",\"mail\":\"lihengjizhu@163.com\",\"qq\":\"472256943\",\"bus\":\"125路\",\"map\":\"upload/img/0/a65dfd76-ace8-489d-9418-d240138bc60d.jpg\"}', '2');

-- ----------------------------
-- Records of settings
-- ----------------------------
INSERT INTO `settings` (`id`, `content`, `create_date`, `detail`, `img_url`, `_index`, `link`, `module`, `more`, `page`, `status`, `title`, `username`, `version`) VALUES ('4', '为了清除疝出的椎间隙内的椎间盘物质，德国SFESYS(椎间孔扩大术脊椎内窥镜系统)使用特殊的后外侧，经椎间孔入路。和传统的北侧入路相比，对于病人的创伤较小。使用北侧椎版切除术清除椎间孔内和经椎间孔脱出的椎间盘碎片，为了达到预计的手术部位对脊柱稳定', '2015-06-09 22:12:43', null, 'upload/img/0/91baaaf6-237f-47c1-80d1-6af3abd267a3.jpg', '0', '11', 'HotNews', '脊柱微创系统', 'Index', 'Normal', '脊柱微创系统', 'admin', '1');
INSERT INTO `settings` (`id`, `content`, `create_date`, `detail`, `img_url`, `_index`, `link`, `module`, `more`, `page`, `status`, `title`, `username`, `version`) VALUES ('5', '生活中这些小方法对腰椎间盘突出的治疗起到一定的作用，能够解决自我治疗腰椎间盘突出症的目的。不过，很多时候饮食也是一个不可忽视的方面\n维生素E有扩张血管、促进血液循环、消除肌肉紧张的作用，同样能缓解腰椎间盘突出的疼痛的症状。日常生活中含维生素E多的食物有鳝鱼、大豆、花生米、芝麻、杏仁等。', '2015-06-09 22:12:43', null, 'upload/img/0/8734d1cc-0c69-4ab2-9611-3c86e7ca2c58.jpg', '0', '10', 'HotNews', '腰椎间盘突出患者食物应注意', 'Index', 'Normal', '腰椎间盘突出患者食物应注意', 'admin', '1');
INSERT INTO `settings` (`id`, `content`, `create_date`, `detail`, `img_url`, `_index`, `link`, `module`, `more`, `page`, `status`, `title`, `username`, `version`) VALUES ('6', '脊髓灰质炎是脊髓灰质炎病毒引起的急性传染病，好发于小儿，又称“小儿麻痹症”。病情轻重差异很大，临床表现不同程度肌肉弛缓性麻痹。严重者可于急性期因呼吸、吞咽麻痹而死亡，多数患者可治愈，少数留有后遗症。发病年龄以4个月至5岁小儿发病率最高。', '2015-06-09 22:12:43', null, 'upload/img/0/b1e70aa4-2013-4150-9d71-47ebaca5963d.jpg', '0', '5', 'HotNews', '脊髓灰质炎中医诊疗技术', 'Index', 'Normal', '脊髓灰质炎中医诊疗技术', 'admin', '1');
INSERT INTO `settings` (`id`, `content`, `create_date`, `detail`, `img_url`, `_index`, `link`, `module`, `more`, `page`, `status`, `title`, `username`, `version`) VALUES ('7', '近年来，以治疗椎间盘突出为代表的脊柱手术开展得越来越多，治疗脊膜瘤、神经鞘瘤也纷纷在人体这条“大梁”上开刀，但刀锋所到之处，不仅切除了病根，也难免损伤了神经，为患者在术后留下疼痛的隐患。不少患者以为“做手术哪有不疼的”，术后长年受到疼痛的煎熬只好认命，其实，目前对术后神经痛已有了有效的治疗方法。\n　　文/记者伍君仪 通讯员崔艳玲、邝莹', '2015-06-09 22:12:43', null, 'upload/img/0/4dfa871e-6cc1-480c-a1a8-2a56dae30b51.jpg', '0', '6', 'HotNews', '脊柱术后神经痛 慎行“一刀切”', 'Index', 'Normal', '脊柱术后神经痛 慎行“一刀切”', 'admin', '1');
INSERT INTO `settings` (`id`, `content`, `create_date`, `detail`, `img_url`, `_index`, `link`, `module`, `more`, `page`, `status`, `title`, `username`, `version`) VALUES ('8', null, '2015-06-09 22:14:36', null, null, '0', '4', 'MoreNews', '1', 'Index', 'Normal', '关爱健康—认识脊柱病症位置', 'admin', '0');
INSERT INTO `settings` (`id`, `content`, `create_date`, `detail`, `img_url`, `_index`, `link`, `module`, `more`, `page`, `status`, `title`, `username`, `version`) VALUES ('9', null, '2015-06-09 22:14:36', null, null, '0', '5', 'MoreNews', '1', 'Index', 'Normal', '脊髓灰质炎中医诊疗技术', 'admin', '0');
INSERT INTO `settings` (`id`, `content`, `create_date`, `detail`, `img_url`, `_index`, `link`, `module`, `more`, `page`, `status`, `title`, `username`, `version`) VALUES ('10', null, '2015-06-09 22:14:36', null, null, '0', '3', 'MoreNews', '1', 'Index', 'Normal', '脊柱对人体的作用是怎样的?', 'admin', '0');
INSERT INTO `settings` (`id`, `content`, `create_date`, `detail`, `img_url`, `_index`, `link`, `module`, `more`, `page`, `status`, `title`, `username`, `version`) VALUES ('11', null, '2015-06-09 22:14:36', null, null, '0', '1', 'MoreNews', '1', 'Index', 'Normal', '颈椎病所引发的病症介绍', 'admin', '0');
INSERT INTO `settings` (`id`, `content`, `create_date`, `detail`, `img_url`, `_index`, `link`, `module`, `more`, `page`, `status`, `title`, `username`, `version`) VALUES ('12', null, '2015-06-09 22:14:36', null, null, '0', '2', 'MoreNews', '1', 'Index', 'Normal', '用瑜伽认识你的脊柱', 'admin', '0');
INSERT INTO `settings` (`id`, `content`, `create_date`, `detail`, `img_url`, `_index`, `link`, `module`, `more`, `page`, `status`, `title`, `username`, `version`) VALUES ('13', null, '2015-06-09 22:14:44', null, null, '0', '7', 'MoreNews', '2', 'Index', 'Normal', '详解强直性脊柱炎病因', 'admin', '0');
INSERT INTO `settings` (`id`, `content`, `create_date`, `detail`, `img_url`, `_index`, `link`, `module`, `more`, `page`, `status`, `title`, `username`, `version`) VALUES ('14', null, '2015-06-09 22:14:44', null, null, '0', '8', 'MoreNews', '2', 'Index', 'Normal', '早期强直性脊柱炎的症状', 'admin', '0');
INSERT INTO `settings` (`id`, `content`, `create_date`, `detail`, `img_url`, `_index`, `link`, `module`, `more`, `page`, `status`, `title`, `username`, `version`) VALUES ('15', null, '2015-06-09 22:14:44', null, null, '0', '5', 'MoreNews', '2', 'Index', 'Normal', '脊髓灰质炎中医诊疗技术', 'admin', '0');
INSERT INTO `settings` (`id`, `content`, `create_date`, `detail`, `img_url`, `_index`, `link`, `module`, `more`, `page`, `status`, `title`, `username`, `version`) VALUES ('16', null, '2015-06-09 22:14:44', null, null, '0', '6', 'MoreNews', '2', 'Index', 'Normal', '脊柱术后神经痛 慎行“一刀切”', 'admin', '0');
INSERT INTO `settings` (`id`, `content`, `create_date`, `detail`, `img_url`, `_index`, `link`, `module`, `more`, `page`, `status`, `title`, `username`, `version`) VALUES ('17', null, '2015-06-09 22:14:44', null, null, '0', '10', 'MoreNews', '2', 'Index', 'Normal', '腰椎间盘突出患者食物应注意', 'admin', '0');
INSERT INTO `settings` (`id`, `content`, `create_date`, `detail`, `img_url`, `_index`, `link`, `module`, `more`, `page`, `status`, `title`, `username`, `version`) VALUES ('18', null, '2015-06-09 22:14:44', null, null, '0', '9', 'MoreNews', '2', 'Index', 'Normal', 'NO与脊髓水平伤害性信息调控', 'admin', '0');
INSERT INTO `settings` (`id`, `content`, `create_date`, `detail`, `img_url`, `_index`, `link`, `module`, `more`, `page`, `status`, `title`, `username`, `version`) VALUES ('19', null, '2015-06-09 22:15:00', null, null, '0', '8', 'MoreNews', '1', 'Index', 'Normal', '早期强直性脊柱炎的症状', 'admin', '0');
INSERT INTO `settings` (`id`, `content`, `create_date`, `detail`, `img_url`, `_index`, `link`, `module`, `more`, `page`, `status`, `title`, `username`, `version`) VALUES ('21', '', '2015-06-17 16:47:35', null, 'upload/img/0/067b4fdd-73a7-49cc-983e-dfeefb88f943.jpg', '0', '', 'BigImg', '动态详细链接', 'Index', 'Normal', '', 'lhjz', '1');
INSERT INTO `settings` (`id`, `content`, `create_date`, `detail`, `img_url`, `_index`, `link`, `module`, `more`, `page`, `status`, `title`, `username`, `version`) VALUES ('22', null, '2015-06-17 16:47:35', null, 'upload/img/0/85513508-daf2-4574-a2b8-1d854f69afc4.jpg', '0', null, 'BigImg', null, 'Index', 'Normal', null, 'lhjz', '0');

-- ----------------------------
-- Records of job
-- ----------------------------
INSERT INTO `job` (`id`, `category`, `create_date`, `duty`, `education`, `experience`, `labels`, `link`, `salary`, `size`, `status`, `version`) VALUES ('1', '前台', '2015-06-28 13:58:47', '1、负责公司前台接待工作。2、负责公司电话接转、收发传真、文档复印等工作。3、负责各类办公文档、商务文档、合同协议的录入、排版、打印。4、日常文书、资料整理及其他一般行政事务。岗位要求：1、对办公室工作程序熟悉2、熟练使用Word、Excel等办公软件；3、具有良好的沟通能力、协调能力，及较强的保密意识；4、具有良好的适应能力，能在压力下工作。', '不限', '不限,可接受应届毕业生', '五险一金 周末双休 年底双薪 带薪年假 组织旅游', NULL, '面议', '1', 'Normal', '0');
INSERT INTO `job` (`id`, `category`, `create_date`, `duty`, `education`, `experience`, `labels`, `link`, `salary`, `size`, `status`, `version`) VALUES ('2', '护士', '2015-06-28 13:58:47', '1、负责公司前台接待工作。2、负责公司电话接转、收发传真、文档复印等工作。3、负责各类办公文档、商务文档、合同协议的录入、排版、打印。4、日常文书、资料整理及其他一般行政事务。岗位要求：1、对办公室工作程序熟悉2、熟练使用Word、Excel等办公软件；3、具有良好的沟通能力、协调能力，及较强的保密意识；4、具有良好的适应能力，能在压力下工作。', '不限', '不限,可接受应届毕业生', '五险一金 周末双休 年底双薪 带薪年假 组织旅游', NULL, '面议', '10', 'Normal', '0');
INSERT INTO `job` (`id`, `category`, `create_date`, `duty`, `education`, `experience`, `labels`, `link`, `salary`, `size`, `status`, `version`) VALUES ('3', '主任', '2015-06-28 13:58:47', '1、负责公司前台接待工作。2、负责公司电话接转、收发传真、文档复印等工作。3、负责各类办公文档、商务文档、合同协议的录入、排版、打印。4、日常文书、资料整理及其他一般行政事务。岗位要求：1、对办公室工作程序熟悉2、熟练使用Word、Excel等办公软件；3、具有良好的沟通能力、协调能力，及较强的保密意识；4、具有良好的适应能力，能在压力下工作。', '不限', '不限,可接受应届毕业生', '五险一金 周末双休 年底双薪 带薪年假 组织旅游', NULL, '面议', '3', 'Normal', '0');
INSERT INTO `job` (`id`, `category`, `create_date`, `duty`, `education`, `experience`, `labels`, `link`, `salary`, `size`, `status`, `version`) VALUES ('4', '专家', '2015-06-28 13:58:47', '1、负责公司前台接待工作。2、负责公司电话接转、收发传真、文档复印等工作。3、负责各类办公文档、商务文档、合同协议的录入、排版、打印。4、日常文书、资料整理及其他一般行政事务。岗位要求：1、对办公室工作程序熟悉2、熟练使用Word、Excel等办公软件；3、具有良好的沟通能力、协调能力，及较强的保密意识；4、具有良好的适应能力，能在压力下工作。', '不限', '不限,可接受应届毕业生', '五险一金 周末双休 年底双薪 带薪年假 组织旅游', NULL, '面议', '5', 'Normal', '0');

-- ----------------------------
-- Records of job_apply
-- ----------------------------
INSERT INTO `job_apply` (`id`, `address`, `claimer`, `content`, `create_date`, `mail`, `name`, `phone`, `resume`, `status`, `version`, `job_id`) VALUES ('1', NULL, NULL, NULL, '2015-07-05 08:57:18', NULL, '个人简历-Xxx.doc', NULL, 'upload/job/ceced823-655f-4805-93fa-e883e2914862.doc', 'Normal', '0', '1');
